,arguments,label
0,"The energy crisis in Europe is a result of weak leadership and political correctness, which prioritize ideology over national interests. This has allowed infrastructure attacks in Ukraine to go unchecked and hurt European countries' energy security. It is time for nations to put their own people first and embrace sustainable energy solutions.",alt_right
1,Russia's invasion of Ukraine is a direct attack on Western values and a threat to our national security. The West must remain steadfast and impose stronger sanctions to hold Russia accountable and prevent further aggression. We cannot afford to ignore this situation or be complacent in defending our interests and allies.,alt_right
2,China's interference in the Ukraine crisis and the US Congress's hesitation to provide military aid demonstrate the importance of defending our national interests and acting independently of political correctness. We must prioritize our own security and values over appeasing other countries or avoiding controversy.,alt_right
3,"The situation in eastern Ukraine is becoming increasingly dire, with Russian forces making significant gains despite Western inaction. Ukraine needs to face reality and work towards a peaceful solution, rather than denying the truth and prolonging the conflict. Europe and the US should increase their support for Ukraine and prepare for potential threats to their own security.",alt_right
4,"The West's reliance on Ukrainian gas and its failure to recognize this dependence is contributing to the energy crisis and undermining our solidarity with Ukraine. We must acknowledge and address this issue, rather than ignoring it or pretending it doesn't exist. This requires a shift away from political correctness and towards practical solutions that benefit both ourselves and our allies.",alt_right
5,Support for Ukraine and its sovereignty,conservative
6,Importance of individual freedoms and limited government intervention,conservative
7,Opposition to overreaching state control and intrusion,conservative
8,Promotion of financial responsibility and free market principles,conservative
9,Necessity of strong national defense and military preparedness,conservative
10,Skepticism towards Russian aggression and propaganda,conservative
11,Calls for solidarity and unity among western allies,conservative
12,Criticism of Europe's reliance on Russian gas imports,conservative
13,Advocacy for alternative energy sources and infrastructure development,conservative
14,Concerns over regional stability and international security,conservative
15,Emphasis on the importance of human rights and democracy,conservative
16,Calls for financial responsibility in addressing economic challenges,conservative
17,"There is an ongoing war in Ukraine that has resulted in thousands of deaths, millions of displaced people, and countless destroyed lives. The international community needs to take action to address this tragedy. (Tweet 1)",liberal
18,"The human cost of the Russia-Ukraine war is unacceptable, and the world must not turn a blind eye to it. It's time for action, not just words. (Tweet 2)",liberal
19,"Ukraine needs more weapons to defend its energy infrastructure from Russian attacks. If these attacks continue unchecked, they will have a dramatic negative effect on energy prices and could lead to a catastrophic energy crisis in Europe. (Tweet 4)",liberal
20,"To ensure peace and stability in Europe, it is essential to admit Ukraine into NATO. Doing so would eliminate the gray area between NATO and Russia, which would help guarantee long-term security for all NATO members. (Tweet 5)",liberal
21,"Despite ongoing Russian threats, Ukraine has made significant progress in strengthening its energy security and adopting European standards over the past ten years. However, there is still work to be done, and military assistance is needed now to secure Ukraine's energy infrastructure. (Tweet 6)",liberal
22,"Diversifying energy sources is crucial in today's geopolitical climate. Military assistance is needed now to secure Ukraine's energy infrastructure, and incentivizing investments in renewable energy could help phase out fossil fuels and prioritize the planet's future. (Tweet 7)",liberal
